<?xml version="1.0" encoding="UTF-8"?>
<overrides>

    <!-- WIDGET DEFAULTS -->
    <widget label="8">Weather</widget>
    <widgetPlaylists>True</widgetPlaylists>

    <!-- BACKGROUND SETTINGS -->
    <backgroundBrowse>True</backgroundBrowse>
    <background label="::PLAYLIST::">playlistBackground</background>

    <!-- REMOVE SETTINGS WARNING -->
    <warn heading="31103" message="31104">ActivateWindow(Settings)</warn>

    <!-- ONBACK OVERRIDE -->
    <onback to="9701">9000</onback>


    <!-- ADDITIONAL SHORTCUTS -->
    <shortcut label="Showcase" grouping="common" thumbnail="special://skin/extras/icons/playlist.png" icon="special://skin/extras/icons/playlist.png">ActivateWindow(1131)</shortcut>

    <!-- ADDITIONAL ON CLICK -->
    <!-- Hack for Kaitoast and ExtendedProgress -->
    <groupoverride group="mainmenu" condition="String.StartsWith(Container(9000).ListItem.Property(path),ActivateWindow) + !String.Contains(Container(9000).ListItem.Property(path),DialogFavourites) + !String.Contains(Container(9000).ListItem.Property(path),DialogButtonMenu) + !String.Contains(Container(9000).ListItem.Property(path),shutdownmenu) + !String.Contains(Container(9000).ListItem.Property(path),favourites)">SetProperty(FO9001,2,home)</groupoverride>
    
    <!-- Hack For Return From Plugins -->
    <!-- Condition For Home plus every hub window group -->
    <groupoverride group="mainmenu" condition="String.Contains(Container(9000).ListItem.Property(path),ActivateWindow) + !String.Contains(Container(9000).ListItem.Property(path),DialogFavourites) + !String.Contains(Container(9000).ListItem.Property(path),DialogButtonMenu) + !String.Contains(Container(9000).ListItem.Property(path),shutdownmenu) + !String.Contains(Container(9000).ListItem.Property(path),favourites)">SetProperty(WindowBaseReturn,$INFO[Container(9000).ListItem.Property(list)],home)</groupoverride>
    <groupoverride group="x1101" condition="String.StartsWith(Container(9501).ListItem.Property(path),ActivateWindow) + !String.Contains(Container(9501).ListItem.Property(path),DialogFavourites) + !String.Contains(Container(9501).ListItem.Property(path),DialogButtonMenu) + !String.Contains(Container(9501).ListItem.Property(path),shutdownmenu) + !String.Contains(Container(9501).ListItem.Property(path),favourites)">SetProperty(WindowBaseReturn,$INFO[Container(9501).ListItem.Property(list)],home)</groupoverride>
    <groupoverride group="x1102" condition="String.StartsWith(Container(9501).ListItem.Property(path),ActivateWindow) + !String.Contains(Container(9501).ListItem.Property(path),DialogFavourites) + !String.Contains(Container(9501).ListItem.Property(path),DialogButtonMenu) + !String.Contains(Container(9501).ListItem.Property(path),shutdownmenu) + !String.Contains(Container(9501).ListItem.Property(path),favourites)">SetProperty(WindowBaseReturn,$INFO[Container(9501).ListItem.Property(list)],home)</groupoverride>
    <groupoverride group="x1103" condition="String.StartsWith(Container(9501).ListItem.Property(path),ActivateWindow) + !String.Contains(Container(9501).ListItem.Property(path),DialogFavourites) + !String.Contains(Container(9501).ListItem.Property(path),DialogButtonMenu) + !String.Contains(Container(9501).ListItem.Property(path),shutdownmenu) + !String.Contains(Container(9501).ListItem.Property(path),favourites)">SetProperty(WindowBaseReturn,$INFO[Container(9501).ListItem.Property(list)],home)</groupoverride>
    <groupoverride group="x1104" condition="String.StartsWith(Container(9501).ListItem.Property(path),ActivateWindow) + !String.Contains(Container(9501).ListItem.Property(path),DialogFavourites) + !String.Contains(Container(9501).ListItem.Property(path),DialogButtonMenu) + !String.Contains(Container(9501).ListItem.Property(path),shutdownmenu) + !String.Contains(Container(9501).ListItem.Property(path),favourites)">SetProperty(WindowBaseReturn,$INFO[Container(9501).ListItem.Property(list)],home)</groupoverride>
    <groupoverride group="x1105" condition="String.StartsWith(Container(9501).ListItem.Property(path),ActivateWindow) + !String.Contains(Container(9501).ListItem.Property(path),DialogFavourites) + !String.Contains(Container(9501).ListItem.Property(path),DialogButtonMenu) + !String.Contains(Container(9501).ListItem.Property(path),shutdownmenu) + !String.Contains(Container(9501).ListItem.Property(path),favourites)">SetProperty(WindowBaseReturn,$INFO[Container(9501).ListItem.Property(list)],home)</groupoverride>
    <groupoverride group="x1106" condition="String.StartsWith(Container(9501).ListItem.Property(path),ActivateWindow) + !String.Contains(Container(9501).ListItem.Property(path),DialogFavourites) + !String.Contains(Container(9501).ListItem.Property(path),DialogButtonMenu) + !String.Contains(Container(9501).ListItem.Property(path),shutdownmenu) + !String.Contains(Container(9501).ListItem.Property(path),favourites)">SetProperty(WindowBaseReturn,$INFO[Container(9501).ListItem.Property(list)],home)</groupoverride>
    <groupoverride group="x1107" condition="String.StartsWith(Container(9501).ListItem.Property(path),ActivateWindow) + !String.Contains(Container(9501).ListItem.Property(path),DialogFavourites) + !String.Contains(Container(9501).ListItem.Property(path),DialogButtonMenu) + !String.Contains(Container(9501).ListItem.Property(path),shutdownmenu) + !String.Contains(Container(9501).ListItem.Property(path),favourites)">SetProperty(WindowBaseReturn,$INFO[Container(9501).ListItem.Property(list)],home)</groupoverride>
    <groupoverride group="x1108" condition="String.StartsWith(Container(9501).ListItem.Property(path),ActivateWindow) + !String.Contains(Container(9501).ListItem.Property(path),DialogFavourites) + !String.Contains(Container(9501).ListItem.Property(path),DialogButtonMenu) + !String.Contains(Container(9501).ListItem.Property(path),shutdownmenu) + !String.Contains(Container(9501).ListItem.Property(path),favourites)">SetProperty(WindowBaseReturn,$INFO[Container(9501).ListItem.Property(list)],home)</groupoverride>
    <groupoverride group="x1109" condition="String.StartsWith(Container(9501).ListItem.Property(path),ActivateWindow) + !String.Contains(Container(9501).ListItem.Property(path),DialogFavourites) + !String.Contains(Container(9501).ListItem.Property(path),DialogButtonMenu) + !String.Contains(Container(9501).ListItem.Property(path),shutdownmenu) + !String.Contains(Container(9501).ListItem.Property(path),favourites)">SetProperty(WindowBaseReturn,$INFO[Container(9501).ListItem.Property(list)],home)</groupoverride>

    <groupoverride group="x1111" condition="String.StartsWith(Container(9501).ListItem.Property(path),ActivateWindow) + !String.Contains(Container(9501).ListItem.Property(path),DialogFavourites) + !String.Contains(Container(9501).ListItem.Property(path),DialogButtonMenu) + !String.Contains(Container(9501).ListItem.Property(path),shutdownmenu) + !String.Contains(Container(9501).ListItem.Property(path),favourites)">SetProperty(WindowBaseReturn,$INFO[Container(9501).ListItem.Property(list)],home)</groupoverride>
    <groupoverride group="x1112" condition="String.StartsWith(Container(9501).ListItem.Property(path),ActivateWindow) + !String.Contains(Container(9501).ListItem.Property(path),DialogFavourites) + !String.Contains(Container(9501).ListItem.Property(path),DialogButtonMenu) + !String.Contains(Container(9501).ListItem.Property(path),shutdownmenu) + !String.Contains(Container(9501).ListItem.Property(path),favourites)">SetProperty(WindowBaseReturn,$INFO[Container(9501).ListItem.Property(list)],home)</groupoverride>
    <groupoverride group="x1113" condition="String.StartsWith(Container(9501).ListItem.Property(path),ActivateWindow) + !String.Contains(Container(9501).ListItem.Property(path),DialogFavourites) + !String.Contains(Container(9501).ListItem.Property(path),DialogButtonMenu) + !String.Contains(Container(9501).ListItem.Property(path),shutdownmenu) + !String.Contains(Container(9501).ListItem.Property(path),favourites)">SetProperty(WindowBaseReturn,$INFO[Container(9501).ListItem.Property(list)],home)</groupoverride>
    <groupoverride group="x1114" condition="String.StartsWith(Container(9501).ListItem.Property(path),ActivateWindow) + !String.Contains(Container(9501).ListItem.Property(path),DialogFavourites) + !String.Contains(Container(9501).ListItem.Property(path),DialogButtonMenu) + !String.Contains(Container(9501).ListItem.Property(path),shutdownmenu) + !String.Contains(Container(9501).ListItem.Property(path),favourites)">SetProperty(WindowBaseReturn,$INFO[Container(9501).ListItem.Property(list)],home)</groupoverride>
    <groupoverride group="x1115" condition="String.StartsWith(Container(9501).ListItem.Property(path),ActivateWindow) + !String.Contains(Container(9501).ListItem.Property(path),DialogFavourites) + !String.Contains(Container(9501).ListItem.Property(path),DialogButtonMenu) + !String.Contains(Container(9501).ListItem.Property(path),shutdownmenu) + !String.Contains(Container(9501).ListItem.Property(path),favourites)">SetProperty(WindowBaseReturn,$INFO[Container(9501).ListItem.Property(list)],home)</groupoverride>
    <groupoverride group="x1116" condition="String.StartsWith(Container(9501).ListItem.Property(path),ActivateWindow) + !String.Contains(Container(9501).ListItem.Property(path),DialogFavourites) + !String.Contains(Container(9501).ListItem.Property(path),DialogButtonMenu) + !String.Contains(Container(9501).ListItem.Property(path),shutdownmenu) + !String.Contains(Container(9501).ListItem.Property(path),favourites)">SetProperty(WindowBaseReturn,$INFO[Container(9501).ListItem.Property(list)],home)</groupoverride>
    <groupoverride group="x1117" condition="String.StartsWith(Container(9501).ListItem.Property(path),ActivateWindow) + !String.Contains(Container(9501).ListItem.Property(path),DialogFavourites) + !String.Contains(Container(9501).ListItem.Property(path),DialogButtonMenu) + !String.Contains(Container(9501).ListItem.Property(path),shutdownmenu) + !String.Contains(Container(9501).ListItem.Property(path),favourites)">SetProperty(WindowBaseReturn,$INFO[Container(9501).ListItem.Property(list)],home)</groupoverride>
    <groupoverride group="x1118" condition="String.StartsWith(Container(9501).ListItem.Property(path),ActivateWindow) + !String.Contains(Container(9501).ListItem.Property(path),DialogFavourites) + !String.Contains(Container(9501).ListItem.Property(path),DialogButtonMenu) + !String.Contains(Container(9501).ListItem.Property(path),shutdownmenu) + !String.Contains(Container(9501).ListItem.Property(path),favourites)">SetProperty(WindowBaseReturn,$INFO[Container(9501).ListItem.Property(list)],home)</groupoverride>
    <groupoverride group="x1119" condition="String.StartsWith(Container(9501).ListItem.Property(path),ActivateWindow) + !String.Contains(Container(9501).ListItem.Property(path),DialogFavourites) + !String.Contains(Container(9501).ListItem.Property(path),DialogButtonMenu) + !String.Contains(Container(9501).ListItem.Property(path),shutdownmenu) + !String.Contains(Container(9501).ListItem.Property(path),favourites)">SetProperty(WindowBaseReturn,$INFO[Container(9501).ListItem.Property(list)],home)</groupoverride>

    <!-- For Player Controls -->
    <groupoverride group="mainmenu" condition="Window.IsActive(PlayerControls.xml)">Close</groupoverride>

    <!-- For Power Menu -->
    <groupoverride group="powermenu" condition="Window.IsActive(DialogButtonMenu.xml)">Close</groupoverride>

    <!-- ICON DIRECTORY -->
    <thumbnailBrowseDefault>special://skin/extras/icons/</thumbnailBrowseDefault>

    <!-- ICON OVERRIDES -->
    <icon labelID="x1102">special://skin/extras/icons/tv.png</icon>
    <icon labelID="x1101">special://skin/extras/icons/film.png</icon>
    <icon labelID="livetv">special://skin/extras/icons/livetv.png</icon>
    <icon labelID="radio">special://skin/extras/icons/radio.png</icon>
    <icon labelID="weather">special://skin/extras/icons/sun.png</icon>
    <icon labelID="settings">special://skin/extras/icons/settings.png</icon>
    <icon labelID="13200">special://skin/extras/icons/actor.png</icon>
    <icon labelID="10007">special://skin/extras/icons/sysinfo.png</icon>
    <icon labelID="1036">special://skin/extras/icons/favourites.png</icon>
    <icon labelID="626">special://skin/extras/icons/recentlyadded.png</icon>
    <icon labelID="10504">special://skin/extras/icons/top100.png</icon>
    <icon labelID="10505">special://skin/extras/icons/top100.png</icon>
    <icon labelID="480">special://skin/extras/icons/eye.png</icon>
    <icon labelID="3">special://skin/extras/icons/video-addons.png</icon>
    <icon labelID="19020">special://skin/extras/icons/livetv.png</icon>
    <icon labelID="2">special://skin/extras/icons/songs.png</icon>
    <icon labelID="1">special://skin/extras/icons/pictures.png</icon>
    <icon labelID="8">special://skin/extras/icons/sun.png</icon>
    <icon labelID="24001">special://skin/extras/icons/addons.png</icon>
    <icon labelID="14036">special://skin/extras/icons/network.png</icon>
    <icon labelID="13000">special://skin/extras/icons/configure.png</icon>
    <icon labelID="20077">special://skin/extras/icons/year.png</icon>
    <icon labelID="13013">special://skin/extras/icons/power.png</icon>
    <icon labelID="13005">special://skin/extras/icons/power.png</icon>
    <icon labelID="13016">special://skin/extras/icons/power.png</icon>
    <icon labelID="13009">special://skin/extras/icons/power.png</icon>
    <icon labelID="13010">special://skin/extras/icons/power.png</icon>
    <icon labelID="13011">special://skin/extras/icons/power.png</icon>
    <icon labelID="20126">special://skin/extras/icons/power.png</icon>
    <icon labelID="360">special://skin/extras/icons/eye.png</icon>
    <icon labelID="13014">special://skin/extras/icons/sort-up.png</icon>
    <icon labelID="20045">special://skin/extras/icons/artist.png</icon>
    <icon labelID="600">special://skin/extras/icons/cd.png</icon>
    <icon labelID="32046">special://skin/extras/icons/update.png</icon>
    <icon labelID="32047">special://skin/extras/icons/update.png</icon>
    <icon labelID="32055">special://skin/extras/icons/wand.png</icon>
    <icon labelID="32056">special://skin/extras/icons/wand.png</icon>
    <icon image="DefaultShortcut.png">special://skin/extras/icons/addon.png</icon>
    <icon image="DefaultVideo.png">special://skin/extras/icons/video.png</icon>
    <icon image="DefaultMovies.png">special://skin/extras/icons/film.png</icon>
    <icon image="DefaultTVShows.png">special://skin/extras/icons/tv.png</icon>
    <icon image="DefaultAudio.png">special://skin/extras/icons/songs.png</icon>
    <icon image="DefaultMusicAlbums.png">special://skin/extras/icons/songs.png</icon>
    <icon image="DefaultMusicVideos.png">special://skin/extras/icons/musicvideo.png</icon>
    <icon image="DefaultPicture.png">special://skin/extras/icons/pictures.png</icon>
    <icon image="DefaultProgram.png">special://skin/extras/icons/addons.png</icon>
    <icon image="DefaultDVDFull.png">special://skin/extras/icons/cd.png</icon>
    <icon image="DefaultFolder.png">special://skin/extras/icons/files.png</icon>
    <icon image="UnknownUser.png">special://skin/extras/icons/actor.png</icon>
    <icon image="DefaultVideoPlaylists.png">special://skin/extras/icons/playlist.png</icon>
    <icon image="DefaultMusicPlaylists.png">special://skin/extras/icons/playlist.png</icon>
    <icon image="DefaultRecentlyAddedMovies.png">special://skin/extras/icons/recentlyadded.png</icon>
    <icon image="DefaultActor.png">special://skin/extras/icons/artist.png</icon>
    <icon image="DefaultCountry.png">special://skin/extras/icons/world.png</icon>
    <icon image="DefaultDirector.png">special://skin/extras/icons/director.png</icon>
    <icon image="DefaultGenre.png">special://skin/extras/icons/genre.png</icon>
    <icon image="DefaultMusicGenre.png">special://skin/extras/icons/audiogenre.png</icon>
    <icon image="DefaultSets.png">special://skin/extras/icons/sets.png</icon>
    <icon image="DefaultStudios.png">special://skin/extras/icons/director.png</icon>
    <icon image="DefaultTags.png">special://skin/extras/icons/tags.png</icon>
    <icon image="DefaultMovieTitle.png">special://skin/extras/icons/film.png</icon>
    <icon image="DefaultTVShowTitle.png">special://skin/extras/icons/tv.png</icon>
    <icon image="DefaultMusicVideoTitle.png">special://skin/extras/icons/musicvideo.png</icon>
    <icon image="DefaultYear.png">special://skin/extras/icons/year.png</icon>
    <icon image="DefaultRecentlyAddedEpisodes.png">special://skin/extras/icons/recentlyadded.png</icon>
    <icon image="DefaultRecentlyAddedMusicVideos.png">special://skin/extras/icons/recentlyadded.png</icon>
    <icon image="DefaultInProgressShows.png">special://skin/extras/icons/recentlyadded.png</icon>
    <icon image="DefaultMusicArtists.png">special://skin/extras/icons/artist.png</icon>
    <icon image="DefaultMusicGenres.png">special://skin/extras/icons/audiogenre.png</icon>
    <icon image="DefaultMusicSongs.png">special://skin/extras/icons/song.png</icon>
    <icon image="DefaultMusicYears.png">special://skin/extras/icons/years.png</icon>
    <icon image="DefaultMusicTop100.png">special://skin/extras/icons/top100.png</icon>
    <icon image="DefaultMusicRecentlyAdded.png">special://skin/extras/icons/recentlyadded.png</icon>
    <icon image="DefaultMusicRecentlyPlayed.png">special://skin/extras/icons/recent.png</icon>
    <icon image="DefaultAddonVideo.png">special://skin/extras/icons/video-addons.png</icon>
    <icon image="DefaultAddonMusic.png">special://skin/extras/icons/songs.png</icon>
    <icon image="DefaultAddonProgram.png">special://skin/extras/icons/addons.png</icon>

    <!-- GROUPINGS -->
    <!-- Main Grouping -->
    <groupings>

        <node label="31139">
            <shortcut label="31093" type="Hub 1101" icon="special://skin/extras/icons/film.png">ActivateWindow(1101)</shortcut>
            <shortcut label="31094" type="Hub 1102" icon="special://skin/extras/icons/tv.png">ActivateWindow(1102)</shortcut>
            <shortcut label="31123" type="Hub 1103" icon="special://skin/extras/icons/addon.png">ActivateWindow(1103)</shortcut>
            <shortcut label="31123" type="Hub 1104" icon="special://skin/extras/icons/addon.png">ActivateWindow(1104)</shortcut>
            <shortcut label="31123" type="Hub 1105" icon="special://skin/extras/icons/addon.png">ActivateWindow(1105)</shortcut>
            <shortcut label="31123" type="Hub 1106" icon="special://skin/extras/icons/addon.png">ActivateWindow(1106)</shortcut>
            <shortcut label="31123" type="Hub 1107" icon="special://skin/extras/icons/addon.png">ActivateWindow(1107)</shortcut>
            <shortcut label="31123" type="Hub 1108" icon="special://skin/extras/icons/addon.png">ActivateWindow(1108)</shortcut>
            <shortcut label="31123" type="Hub 1109" icon="special://skin/extras/icons/addon.png">ActivateWindow(1109)</shortcut>
        </node>
        <node label="32029">
            <content>common</content>
			<shortcut label="1036" grouping="common" thumbnail="special://skin/extras/icons/favourites.png" icon="special://skin/extras/icons/favourites.png">ActivateWindow(Favouritesbrowser)</shortcut>			
        </node>
        <node label="32030">
            <content>video</content>
            <node label="32040">
                <content>playlist-video</content>
            </node>
            <node label="32010">
                <shortcut label="1037" type="32014" icon="DefaultAddonVideo.png">ActivateWindow(Videos,Addons,return)</shortcut>
                <content>addon-video</content>
            </node>
            <node label="32075">
                <content>videosources</content>
                <content>upnp-video</content>
            </node>
        </node>
        <node label="32031">
            <content>music</content>
            <node label="32040">
                <content>playlist-audio</content>
            </node>
            <node label="32011">
                <shortcut label="1038" type="32019" icon="DefaultAddonMusic.png">ActivateWindow(MusicLibrary,Addons,return)</shortcut>
                <content>addon-audio</content>
            </node>
            <node label="32075">
                <content>musicsources</content>
                <content>upnp-music</content>
            </node>
        </node>
        <node label="32017" condition="System.GetBool(pvrmanager.enabled)" version="13">
            <content>pvr</content>
            <node label="19023">
                <content>pvr-tv</content>
            </node>
            <node label="19024">
                <content>pvr-radio</content>
            </node>
        </node>
        <node label="32017" condition="PVR.HasTVChannels" version="14">
            <content>pvr</content>
            <node label="19023">
                <content>pvr-tv</content>
            </node>
        </node>
        <node label="32087" condition="PVR.HasRadioChannels" version="14">
            <content>radio</content>
            <node label="19024">
                <content>pvr-radio</content>
            </node>
        </node>
        <node label="32020">
            <content>picturesources</content>
        </node>
        <node label="32007">
            <node label="32009">
                <shortcut label="10001" type="32021" icon="DefaultAddonProgram.png">ActivateWindow(Programs,Addons,return)</shortcut>
                <content>addon-program</content>
            </node>
            <node label="32010">
                <shortcut label="1037" type="32014" icon="DefaultAddonVideo.png">ActivateWindow(Videos,Addons,return)</shortcut>
                <content>addon-video</content>
            </node>
            <node label="32011">
                <shortcut label="1038" type="32019" icon="DefaultAddonMusic.png">ActivateWindow(MusicLibrary,Addons,return)</shortcut>
                <content>addon-audio</content>
            </node>
            <node label="32012">
                <shortcut label="1039" type="32020" icon="DefaultAddonPicture.png">ActivateWindow(Pictures,Addons,return)</shortcut>
                <content>addon-image</content>
            </node>
        </node>
        <node label="32006">
            <content>favourite</content>
        </node>
        <node label="10004">
            <content>settings</content>
        </node>
        <node label="32054">
            <content>commands</content>
        </node>
    </groupings>

    <widget-groupings>
        <content>widgets</content>
        <node label="$LOCALIZE[31260]">
            <node label="$LOCALIZE[342]">
                <shortcut widget="NewMovies" label="$LOCALIZE[20382]" icon="DefaultRecentlyAddedMovies.png" widgetTarget="video">special://skin/extras/playlists/NewMovies.xsp</shortcut>
                <shortcut widget="RecentMovies" label="$LOCALIZE[31101]" icon="DefaultMusicRecentlyPlayed.png" widgetTarget="video">special://skin/extras/playlists/RecentMovies.xsp</shortcut>
                <shortcut widget="RandomMovies" label="$LOCALIZE[590]" icon="DefaultMovies.png" widgetTarget="video">special://skin/extras/playlists/RandomMovies.xsp</shortcut>
                <shortcut widget="InProgressMovies" label="$LOCALIZE[575]" icon="special://skin/extras/icons/timer.png" widgetTarget="video">special://skin/extras/playlists/InProgressMovies.xsp</shortcut>
                <shortcut widget="TopRatedMovies" label="$LOCALIZE[31263]" icon="DefaultMusicTop100Albums.png" widgetTarget="video">special://skin/extras/playlists/TopRatedMovies.xsp</shortcut>
                <shortcut widget="Top250Movies" label="$LOCALIZE[13409]" icon="DefaultMusicTop100Albums.png" widgetTarget="video">special://skin/extras/playlists/Top250Movies.xsp</shortcut>
                <shortcut widget="UnwatchedMovies" label="$LOCALIZE[16101]" icon="DefaultMovies.png" widgetTarget="video">special://skin/extras/playlists/UnwatchedMovies.xsp</shortcut>
                <shortcut widget="MovieNodes" label="$LOCALIZE[31262]" icon="special://skin/extras/icons/title.png" widgetTarget="video">library://video/movies/</shortcut>
                <shortcut widget="MovieGenres" label="$LOCALIZE[135]" icon="DefaultGenre.png" widgetTarget="video">library://video/movies/genres.xml</shortcut>
                <shortcut widget="MovieSets" label="$LOCALIZE[20434]" icon="DefaultSets.png" widgetTarget="video">videodb://movies/sets/</shortcut>
            </node>
            <node label="$LOCALIZE[20343]">
                <shortcut widget="NewTvShows" label="$LOCALIZE[20382]" icon="DefaultRecentlyAddedMovies.png" widgetTarget="video">special://skin/extras/playlists/NewShows.xsp</shortcut>
                <shortcut widget="RecentTvShows" label="$LOCALIZE[31101]" icon="DefaultMusicRecentlyPlayed.png" widgetTarget="video">special://skin/extras/playlists/RecentTvShows.xsp</shortcut>
                <shortcut widget="InProgress" label="$LOCALIZE[575]" icon="special://skin/extras/icons/timer.png" widgetTarget="video">library://video/tvshows/inprogressshows.xml</shortcut>
                <shortcut widget="RandomTvShows" label="$LOCALIZE[590]" icon="DefaultTVShows.png" widgetTarget="video">special://skin/extras/playlists/RandomTvShows.xsp</shortcut>
                <shortcut widget="TopRatedTvShows" label="$LOCALIZE[31263]" icon="DefaultMusicTop100Albums.png" widgetTarget="video">special://skin/extras/playlists/TopRatedTvShows.xsp</shortcut>
                <shortcut widget="TvShowNodes" label="$LOCALIZE[31262]" icon="special://skin/extras/icons/title.png" widgetTarget="video">library://video/tvshows/</shortcut>
                <shortcut widget="TvShowGenres" label="$LOCALIZE[135]" icon="DefaultGenre.png" widgetTarget="video">library://video/tvshows/genres.xml</shortcut>
            </node>
            <node label="$LOCALIZE[20360]">
                <shortcut widget="NewEpisodes" label="$LOCALIZE[20382]" icon="DefaultRecentlyAddedMovies.png" widgetTarget="video">special://skin/extras/playlists/NewEpisodes.xsp</shortcut>
                <shortcut widget="Recent Episodes" label="$LOCALIZE[31101]" icon="DefaultMusicRecentlyPlayed.png" widgetTarget="video">special://skin/extras/playlists/RecentEpisodes.xsp</shortcut>
                <shortcut widget="RandomEpisodes" label="$LOCALIZE[590]" icon="DefaultTVShows.png" widgetTarget="video">special://skin/extras/playlists/RandomEpisodes.xsp</shortcut>
                <shortcut widget="UnwatchedEpisodes" label="$LOCALIZE[16101]" icon="DefaultTVShows.png" widgetTarget="video">special://skin/extras/playlists/UnwatchedEpisodes.xsp</shortcut>
                <shortcut widget="InProgressEpisodes" label="$LOCALIZE[575]" icon="special://skin/extras/icons/timer.png" widgetTarget="video">special://skin/extras/playlists/InProgressEpisodes.xsp</shortcut>
                <shortcut widget="TopRatedEpisodes" label="$LOCALIZE[31263]" icon="DefaultMusicTop100Albums.png" widgetTarget="video">special://skin/extras/playlists/TopRatedEpisodes.xsp</shortcut>

            </node>
            <node label="$LOCALIZE[249]">
                <shortcut widget="NewAlbums" label="$LOCALIZE[20382]" icon="DefaultMusicRecentlyAdded.png" widgetTarget="music">musicdb://recentlyaddedalbums/</shortcut>
                <shortcut widget="RecentAlbums" label="$LOCALIZE[31101]" icon="DefaultMusicRecentlyPlayed.png" widgetTarget="music">musicdb://recentlyplayedalbums/</shortcut>
                <shortcut widget="TopAlbums" label="$LOCALIZE[271]" icon="DefaultMusicTop100Albums.png" widgetTarget="music">musicdb://top100/albums/</shortcut>
                <shortcut widget="RandomAlbums" label="$LOCALIZE[31056]" icon="DefaultMusicAlbums.png" widgetTarget="music">special://skin/extras/playlists/RandomAlbums.xsp</shortcut>
                <shortcut widget="RandomArtists" label="$LOCALIZE[31264]" icon="DefaultMusicArtists.png" widgetTarget="music">special://skin/extras/playlists/RandomArtists.xsp</shortcut>
                <shortcut widget="MusicNodes" label="$LOCALIZE[31262]" icon="special://skin/extras/icons/title.png" widgetTarget="music">library://music/</shortcut>
            </node>
            <node label="$LOCALIZE[31015]">
                <shortcut widget="LastPlayedChannels" label="$LOCALIZE[568]" icon="DefaultAddonPVRClient.png" widgetTarget="pvr">pvr://channels/tv/*?view=lastplayed</shortcut>
                <shortcut widget="AllChannels" label="$LOCALIZE[19287]" icon="DefaultAddonPVRClient.png" widgetTarget="pvr">pvr://channels/tv/*</shortcut>
                <shortcut widget="ActiveRecordings" label="$LOCALIZE[31265]" icon="DefaultAddonPVRClient.png" widgetTarget="pvr">pvr://recordings/tv/active?view=flat</shortcut>
                <shortcut widget="GroupedActiveRecordings" label="$LOCALIZE[31266]" icon="DefaultAddonPVRClient.png" widgetTarget="pvr">pvr://recordings/tv/active?view=grouped</shortcut>
                <shortcut widget="DeletedRecordings" label="$LOCALIZE[19184]" icon="DefaultAddonPVRClient.png" widgetTarget="pvr">pvr://recordings/tv/deleted?view=flat</shortcut>
                <shortcut widget="GroupedDeletedRecordings" label="$LOCALIZE[31267]" icon="DefaultAddonPVRClient.png" widgetTarget="pvr">pvr://recordings/tv/deleted?view=grouped</shortcut>
                <shortcut widget="Timers" label="$LOCALIZE[19040]" icon="DefaultAddonPVRClient.png" widgetTarget="pvr">pvr://timers/tv/timers</shortcut>
            </node>
            <node label="$LOCALIZE[19021]">
                <shortcut widget="RadioLastPlayedChannels" label="$LOCALIZE[568]" icon="DefaultAddonPVRClient.png" widgetTarget="pvr">pvr://channels/radio/*?view=lastplayed</shortcut>
                <shortcut widget="RadioAllChannels" label="$LOCALIZE[19287]" icon="DefaultAddonPVRClient.png" widgetTarget="pvr">pvr://channels/radio/*</shortcut>
                <shortcut widget="RadioActiveRecordings" label="$LOCALIZE[31265]" icon="DefaultAddonPVRClient.png" widgetTarget="pvr">pvr://recordings/radio/active?view=flat</shortcut>
                <shortcut widget="RadioGroupedActiveRecordings" label="$LOCALIZE[31266]" icon="DefaultAddonPVRClient.png" widgetTarget="pvr">pvr://recordings/radio/active?view=grouped</shortcut>
                <shortcut widget="RadioDeletedRecordings" label="$LOCALIZE[19184]" icon="DefaultAddonPVRClient.png" widgetTarget="pvr">pvr://recordings/radio/deleted?view=flat</shortcut>
                <shortcut widget="RadioGroupedDeletedRecordings" label="$LOCALIZE[31267]" icon="DefaultAddonPVRClient.png" widgetTarget="pvr">pvr://recordings/radio/deleted?view=grouped</shortcut>
                <shortcut widget="RadioTimers" label="$LOCALIZE[19040]" icon="DefaultAddonPVRClient.png" widgetTarget="pvr">pvr://timers/radio/timers</shortcut>
            </node>
            <node label="$LOCALIZE[29921]">
                <content>widgets</content>
                <shortcut widget="VideoSources" label="$LOCALIZE[31269]" icon="DefaultVideo.png" widgetTarget="video">sources://video/</shortcut>
                <shortcut widget="MusicSources" label="$LOCALIZE[31270]" icon="DefaultMusicSongs.png" widgetTarget="music">sources://music/</shortcut>
                <shortcut widget="PictureSources" label="$LOCALIZE[31268]" icon="DefaultPicture.png" widgetTarget="pictures">sources://pictures/</shortcut>
            </node>
        </node>
        <shortcut label="$LOCALIZE[31261]" icon="DefaultFolder.png" condition="System.HasAddon(script.skin.helper.service)">||BROWSE||script.skin.helper.service/?action=widgets&amp;path=skinplaylists,librarydataprovider,scriptwidgets,smartshortcuts,pvr</shortcut>
        <node label="32007">
            <node label="32010">
                <content>addon-video</content>
            </node>
            <node label="32011">
                <content>addon-audio</content>
            </node>
            <node label="32012">
                <content>addon-image</content>
            </node>
            <node label="32009">
                <content>addon-program-plugin</content>
            </node>
            <shortcut label="10001" type="32021" icon="DefaultAddonProgram.png" widget="addon" widgetType="program" widgetTarget="programs">addons://sources/executable/</shortcut>
            <shortcut label="20244" type="32021" icon="DefaultAddonProgram.png" widget="addon" widgetType="program" widgetTarget="programs" condition="System.Platform.Android">androidapp://sources/apps/</shortcut>
            <shortcut label="1037" type="32014" icon="DefaultAddonVideo.png" widget="addon" widgetType="video" widgetTarget="video">addons://sources/video/</shortcut>
            <shortcut label="1038" type="32019" icon="DefaultAddonMusic.png" widget="addon" widgetType="music" widgetTarget="music">addons://sources/audio/</shortcut>
            <shortcut label="1039" type="32020" icon="DefaultAddonPicture.png" widget="addon" widgetType="picture" widgetTarget="pictures">addons://sources/image/</shortcut>
        </node>
        <node label="32030">
            <content>video</content>
            <node label="32040">
                <content>playlist-video</content>
            </node>
            <node label="32010">
                <content>addon-video</content>
            </node>
            <node label="32075">
                <content>videosources</content>
            </node>
        </node>
        <node label="32031">
            <content>music</content>
            <node label="32040">
                <content>playlist-audio</content>
            </node>
            <node label="32011">
                <content>addon-audio</content>
            </node>
            <node label="32075">
                <content>musicsources</content>
            </node>
        </node>
        <node label="32020">
            <content>picturesources</content>
        </node>


    </widget-groupings>

</overrides>
