
<?xml version="1.0" encoding="UTF-8"?>
<window>
	<defaultcontrol always="true">500</defaultcontrol>
	<views>50,52,53,55,500</views>
	<controls>
		<include>GlobalOverlay</include>
		<include>Furniture_Background</include>
		<include>Furniture_TopBar</include>
		<control type="group">
			<include>Animation_SlideIn</include>
			<include>Animation_FadeOut</include>
			<centerleft>50%</centerleft>
			<width>favdialogw</width>
			<bottom>80</bottom>
			<height>532</height>
			<include>Dialog_Background</include>
			<include content="Dialog_Top_IconHeader">
				<param name="label" value="$LOCALIZE[1036]" />
				<param name="icon" value="special://skin/extras/icons/favourites.png" />
			</include>
			<control type="group">
				<left>bigpad</left>
				<bottom>bigpad</bottom>
				<width>432</width>
				<height>432</height>
				<include>Object_FlatBackground</include>
			</control>
			<control type="image">
				<left>bigpad</left>
				<bottom>bigpad</bottom>
				<width>432</width>
				<height>432</height>
				<aspectratio>keep</aspectratio>
				<texture background="true" fallback="DefaultAddon.png">$INFO[Container(500).ListItem.Icon]</texture>
			</control>
			<include content="Dialog_FavouriteList">
			<param name="id" value="500" />
			<param name="moveid" value="noop" />
			</include>
		</control>
	</controls>
</window>