<?xml version="1.0" encoding="UTF-8"?>
<window>
    <!-- contextmenu -->
    <defaultcontrol always="true">996</defaultcontrol>
    <coordinates>
        <origin x="0" y="0"/>
    </coordinates>

    <controls>
        <control type="group">
            <include condition="!Skin.HasSetting(HorizontalMenus)">GlobalOverlay</include>
            <include condition="!Skin.HasSetting(HorizontalMenus)">Dialog_Center</include>
            <include>Animation_FadeIn</include>
            <include>Animation_FadeOut</include>
        </control>
        <control type="group">

            <include condition="!Skin.HasSetting(HorizontalMenus)">Dialog_Center_Def</include>
            <include condition="Skin.HasSetting(HorizontalMenus)">Dialog_Top</include>
            <include condition="Skin.HasSetting(HorizontalMenus)">Dialog_Background</include>
            <control type="image" id="999">
                <include condition="!Skin.HasSetting(HorizontalMenus)">Dialog_Center_Background</include>
            </control>

            <include content="Dialog_Top_IconHeader">
                <param name="label" value="$LOCALIZE[31069]" />
                <param name="icon" value="special://skin/extras/icons/settings.png" />
            </include>
            <include content="Dialog_Center_Arrows" condition="!Skin.HasSetting(HorizontalMenus)">
                <param name="id" value="996" />
            </include>
            <include content="Dialog_Top_Arrows" condition="Skin.HasSetting(HorizontalMenus)">
                <param name="id" value="996" />
            </include>

            <!-- Default GroupList -->
            <control type="grouplist" id="996">
                <onup condition="!Skin.HasSetting(HorizontalMenus)">996</onup>
                <ondown condition="!Skin.HasSetting(HorizontalMenus)">996</ondown>
                <onleft condition="!Skin.HasSetting(HorizontalMenus)">Close</onleft>
                <onright condition="!Skin.HasSetting(HorizontalMenus)">Close</onright>
                <include condition="!Skin.HasSetting(HorizontalMenus)">Dialog_Center_GroupList</include>
                <onup condition="Skin.HasSetting(HorizontalMenus)">Close</onup>
                <ondown condition="Skin.HasSetting(HorizontalMenus)">Close</ondown>
                <include condition="Skin.HasSetting(HorizontalMenus)">Dialog_Top_GroupList</include>
            </control>

            <!-- Default Button -->
            <control type="button" id="1000">
                <include condition="!Skin.HasSetting(HorizontalMenus)">Defs_OptionButton2_Horz</include>
                <include condition="Skin.HasSetting(HorizontalMenus)">Defs_OptionButton2</include>
            </control>
        </control>

    </controls>

</window>

    <item>
        <label>Odtwórz przez FanFilm</label>
        <onclick>RunPlugin(plugin://plugin.video.fanfilm/?action=play)</onclick>
    </item>
    