<?xml version="1.0" encoding="utf-8"?>
<!-- BINGIE -->
<window>
    <defaultcontrol always="true">5000</defaultcontrol>
    <include>allViewIds</include>
	<onload condition="System.HasAddon(script.tv.show.next.aired)">RunScript(script.tv.show.next.aired,backend=True)</onload>
    <onload condition="System.HasAlarm(preview_delay)">CancelAlarm(preview_delay,silent)</onload>
	<onload>ClearProperty(ShowViewSubMenu,Home)</onload>
    <onunload>ClearProperty(ShowViewSubMenu,Home)</onunload>
    <!-- return to infodialog if previous window -->
    <onunload condition="!String.IsEmpty(Window(Home).Property(BaseWindow)) + String.IsEmpty(Window(Home).Property(ListItem.TVShowID)) + !Player.HasVideo">AlarmClock(loadinfo,Action(Info),00:00,silent)</onunload>
	<onunload condition="!String.IsEmpty(Window(Home).Property(BaseWindow))">ClearProperty(BaseWindow,Home)</onunload>
    <!-- clear tvshowid property -->
    <onunload condition="!String.IsEmpty(Window(Home).Property(ListItem.TVShowID))">ClearProperty(ListItem.TVShowID,Home)</onunload>
    <onunload condition="!String.IsEmpty(Window(Home).Property(KeepTVShowID))">ClearProperty(KeepTVShowID,Home)</onunload>
	<onload>ClearProperty(FullImage,home)</onload>
	<onload condition="!String.IsEmpty(Window(Home).Property(ListAnimation))">ClearProperty(ListAnimation,home)</onload>
	<onunload condition="!String.IsEmpty(Window(Home).Property(ListAnimation))">ClearProperty(ListAnimation,home)</onunload>
	<onunload condition="!String.IsEmpty(Window(Home).Property(EpisodesAnimation))">ClearProperty(EpisodesAnimation,home)</onunload>
	<onunload condition="!String.IsEmpty(Window(Home).Property(FadeFanart))">AlarmClock(FadeFanart,ClearProperty(FadeFanart,home),00:01,silent)</onunload>
	<onunload condition="!String.IsEmpty(Window(Home).Property(AnimationRight))">AlarmClock(AnimationRight,ClearProperty(AnimationRight,home),00:01,silent)</onunload>
	<onunload condition="!String.IsEmpty(Window(Home).Property(NoFadeOut))">ClearProperty(NoFadeOut,home)</onunload>
    
	<controls>
		<include>Defs_TMDbHelper_Loader</include>
        <!-- Video Background -->
        <include>GlobalBackground</include>
		<!-- Now Playing -->
		<include>NowPlayingBackground</include>
		<!-- all Views -->
        <include>allViews</include>
        <!--Sub Menu-->
        <control type="group">
			<include>SideBladeModern</include>
            <!--Grouplist 9000-->
            <control type="grouplist" id="9000">
                <posx>21</posx>
                <posy>185</posy>
                <width>458</width>
                <height>770</height>
                <itemgap>3</itemgap>
                <onleft>5000</onleft>
                <onright>5000</onright>
				<onright>ClearProperty(ShowViewSubMenu,Home)</onright>
				<onleft>ClearProperty(ShowViewSubMenu,Home)</onleft>
				<onback>ClearProperty(ShowViewSubMenu,Home)</onback>
				<onback>5000</onback>
                <onup>9000</onup>
                <ondown>9000</ondown>
                <orientation>vertical</orientation>
				
                <control type="radiobutton" id="14">
                    <!--Button Watched Toggle-->
                    <include>SideBladeMenuButton</include>
                    <label>20367</label>
                </control>

               <control type="button" id="3">
					<description>Sort by button</description>
					<include>SideBladeMenuButton</include>
					<label>103</label>
				</control>
				<control type="togglebutton" id="4">
					<description>Sort asc</description>
					<include>SideBladeMenuButton</include>
					<alttexturefocus border="10" colordiffuse="$INFO[Skin.String(ButtonFocusColor)]">diffuse/panel.png</alttexturefocus>
					<alttexturenofocus/>
					<label>584</label>
					<altlabel>585</altlabel>
					<usealttexture>Container.SortDirection(Ascending)</usealttexture>
				</control>

				<control type="edit" id="19">
					<visible>Container.CanFilter + !Container.CanFilterAdvanced</visible>
					<description>Filter</description>
					<textwidth>230</textwidth>
					<include>SideBladeMenuButton</include>
					<textoffsetx>50</textoffsetx>
					<textoffsety>13</textoffsety>
					<label>587</label>
				</control>
				<control type="radiobutton" id="98">
					<visible>Container.CanFilterAdvanced</visible>
					<description>Filter</description>
					<include>SideBladeMenuButton</include>
					<label>587</label>
					<selected>Container.Filtered</selected>
					<onclick>right</onclick>
					<onclick>Filter</onclick>
				</control>
				<control type="togglebutton" id="20">
					<description>Update library</description>
					<include>SideBladeMenuButton</include>
					<label>653</label>
					<altlabel>13353</altlabel>
					<alttexturefocus border="5" colordiffuse="$INFO[Skin.String(ButtonFocusColor)]">colors/color_white.png</alttexturefocus>
					<alttexturenofocus/>
					<usealttexture>library.isscanningvideo</usealttexture>
					<visible>!String.Contains(Container.FolderPath,plugin://plugin.video)</visible>
				</control>
                <control type="button" id="388">
                    <!--Button Movie Search-->
                    <include>SideBladeMenuButton</include>
                    <label>137</label>
					<onclick>ActivateWindow(1108,return)</onclick>
					<visible>!String.Contains(Container.FolderPath,plugin://plugin.video) + [$EXP[IsMovieDBType] + !String.IsEmpty(ListItem.DBID)]</visible>
                </control>
				<control type="button" id="389">
                    <!--Button TVShow Search-->
                    <include>SideBladeMenuButton</include>
                    <label>137</label>
					<onclick>ActivateWindow(1106,return)</onclick>
					<visible>!String.Contains(Container.FolderPath,plugin://plugin.video) + [$EXP[IsTvShowDBType] + !String.IsEmpty(ListItem.DBID)]</visible>
                </control>
				<control type="button" id="4401">
                    <!--current playlist-->
                    <include>SideBladeMenuButton</include>
                    <label>13350</label>
					<onclick>ActivateWindow(videoplaylist)</onclick>
					<visible>!String.IsEqual(Playlist.Length(video),0)</visible>
                </control>
				<control type="button" id="4402">
                    <!--Playlists-->
                    <include>SideBladeMenuButton</include>
                    <label>20012</label>
					<onclick>ActivateWindow(Videos,special://videoplaylists/,return)</onclick>
                </control>
				
				<include>SideBladeViewCommands</include>
				
				<control type="radiobutton" id="4406">
					<description>Unlock Shares</description>
					<include>SideBladeMenuButton</include>
					<label>20336</label>
					<onclick>mastermode</onclick>
					<selected>system.ismaster</selected>
					<visible>system.haslocks</visible>
				</control>
             </control>
        </control>
		
		<!--Header-->
        <include>Header</include>
        <include condition="Skin.HasSetting(DebugGrid) | Skin.HasSetting(DebugInfo)">DebugInfo</include>
	</controls>
</window>