<?xml version="1.0" encoding="UTF-8"?>
<window type="window" id="1190">
    <onload>SetProperty(Header_Left_Text,$LOCALIZE[19033])</onload>
    <controls>
        <include>Defs_TMDbHelper_Loader</include>
        <include condition="!Skin.HasSetting(EI_HideBG)">Global_Background</include>
        <include condition="Skin.HasSetting(EI_HideBG)">Global_Videowindow</include>
        <include>Topbar</include>
        <control type="group">
            <visible>!$EXP[Exp_InfoVisible]</visible>
            <include>Dialog_Busy</include>
        </control>
    </controls>
</window>
