<?xml version="1.0" encoding="UTF-8"?>
<!-- Foundation -->
<window id="6">
    <defaultcontrol always="true">50</defaultcontrol>
    <menucontrol>300</menucontrol>
    <views>50,525,526,528,529,500,501,502,504,503,51,510,517,511,512,513,514,516,515,52,520,527,521,522,524,53,523</views>
    <onload>RunScript(script.skinvariables,action=buildviews)</onload>
    <controls>
        <include>Defs_TMDbHelper_Loader</include>
        <include>Global_Background</include>
        <include>Topbar</include>

        <control type="group">
            <visible allowhiddenfocus="true">!$EXP[Exp_ShowPlotOverlay]</visible>
            <visible>$EXP[MyVideoNav_Ready]</visible>
            <include>Animation_FadeInOut</include>
            <include>View_50_List</include>
            <include>View_525_Showcase_Flix</include>
            <include>View_526_Flix_Poster</include>
            <include>View_528_Flix_Poster2</include>
            <include>View_529_Flix_Landscape</include>
            <include>View_500_List_Square</include>
            <include>View_501_List_MediaInfo</include>
            <include>View_502_List_MediaInfo_Extended</include>
            <include>View_503_List_Banners</include>
            <include>View_504_List_TriPanel</include>
            <include>View_51_Wall</include>
            <include>View_510_Wall_Square</include>
            <include>View_517_Wall_Square2</include>
            <include>View_511_Wall_Landscape</include>
            <include>View_512_Wall_Icons</include>
            <include>View_513_Wall_Circle</include>
            <include>View_514_Wall_Info</include>
            <include>View_515_Wall_Landscape_Small</include>
            <include>View_516_Wall_Info_2</include>
            <include>View_52_Showcase</include>
            <include>View_520_Showcase_Square</include>
            <include>View_527_Showcase_Square2</include>
            <include>View_521_Showcase_Landscape</include>
            <include>View_522_Showcase_Seasons</include>
            <include>View_523_Showcase_Lovefilm</include>
            <include>View_524_Showcase_Seasons</include>
            <include>View_53_Poster</include>

            <include>Object_Scrollbars</include>
        </control>

        <control type="list" id="300">
            <ondown>50</ondown>
            <include>Topbar_Menu_Layout</include>
            <include>Items_View</include>
        </control>


        <include>Object_PlotOverlay</include>

        <!-- Hidden Buttons -->
        <include>Defs_Options_StandardButtons</include>
        <control type="button" id="8">
            <label>137</label>
            <include>Defs_Hidden_Button</include>
        </control>
        <control type="togglebutton" id="14">
            <label>$LOCALIZE[20367]: $LOCALIZE[16039]</label>
            <altlabel>$LOCALIZE[20367]: $LOCALIZE[16041]</altlabel>
            <usealttexture>System.Setting(hidewatched)</usealttexture>
            <description>Watched Unwatched</description>
            <include>Defs_Hidden_Button</include>
        </control>
        <control type="radiobutton" id="19">
            <description>Filter</description>
            <include>Defs_Hidden_Button</include>
        </control>
        <control type="button" id="20">
            <description>Library</description>
            <label>653</label>
            <include>Defs_Hidden_Button</include>
        </control>

    </controls>
</window>
