<?xml version="1.0" encoding="UTF-8"?>
<window>
    <onload>SetProperty(SkinInitStarted,1,home)</onload>
    <onload>ClearProperty(SkinSplashStarted,home)</onload>

    <!-- Start TMDbH service -->
    <onload condition="String.IsEmpty(Window.Property(ReloadDone))">Skin.SetBool(TMDbHelper.Service)</onload>
    <onload condition="String.IsEmpty(Window.Property(ReloadDone))">Skin.SetBool(TMDbHelper.UseLocalWidgetContainer)</onload>
    <onload condition="String.IsEmpty(Window.Property(ReloadDone))">Skin.SetString(TMDbHelper.MonitorContainer,99950)</onload>
    <onload condition="String.IsEmpty(Window.Property(ReloadDone))">Skin.SetBool(TMDbHelper.DirectCallAuto)</onload>

    <!-- Skin Init -->
    <onload condition="String.IsEmpty(Skin.String(focuscolor.name))">Skin.SetString(focuscolor.name,ff0091ea)</onload>
    <onload condition="String.IsEmpty(Skin.String(gradientcolor.name))">Skin.SetString(gradientcolor.name,ff00bfa5)</onload>
    <onload condition="!Skin.HasSetting(SkinInit)">Skin.SetString(weather.icons.path,resource://resource.images.weathericons.outline-hd/)</onload>
    <onload condition="!Skin.HasSetting(SkinInit)">Skin.SetBool(SubmenuOnly)</onload>
    <onload condition="!Skin.HasSetting(SkinInit)">Skin.SetString(widgetPath,special://skin/extras/playlists/RandomMovies.xsp)</onload>
    <onload condition="!Skin.HasSetting(SkinInit)">Skin.SetString(widgetTarget,videos)</onload>
    <onload condition="!Skin.HasSetting(SkinInit)">Skin.SetBool(HomeMultiVertical)</onload>
    <onload condition="!Skin.HasSetting(SkinInit)">Skin.SetBool(HomeMulti)</onload>
    <onload condition="!Skin.HasSetting(SkinInit)">Skin.SetString(Icons,monochrome)</onload>
    <onload condition="!Skin.HasSetting(SkinInit)">Skin.SetString(homebackgroundimage,special://skin/media/common/bg2.jpg)</onload>
    <onload condition="!Skin.HasSetting(SkinInit)">Skin.SetString(fanart.fallback,special://skin/media/common/bg2.jpg)</onload>
    <onload condition="!Skin.HasSetting(SkinInit)">RunScript(script.skinhelper,gradient=true,highlight=$VAR[ColorHighlight],gradient=$VAR[ColorGradient])</onload>
    <onload condition="!Skin.HasSetting(SkinInit)">Skin.SetString(PosterHighlight,Mix)</onload>
    <onload condition="!Skin.HasSetting(SkinInit)">Skin.SetBool(SkinInit)</onload>


    <onload condition="!String.IsEmpty(Skin.String(StartupPlaylist))">ReplaceWindow(1113)</onload>
    <onload condition="String.IsEmpty(Skin.String(StartupPlaylist))">ReplaceWindow($INFO[System.StartupWindow])</onload>

    <onload condition="String.IsEmpty(Window.Property(ReloadDone))">RunScript(script.skinvariables,action=buildviews,no_reload)</onload>

    <onload>SetProperty(ReloadDone,1)</onload>
    <onload>SetProperty(ReloadDone,1,Home)</onload>
    <controls />
</window>
