<?xml version="1.0" encoding="UTF-8"?>
<!-- Foundation -->
<window id="2901">
    <onload condition="!Player.PauseEnabled">SetFocus(15)</onload>
    <onload condition="Player.PauseEnabled + !Skin.HasSetting(HidePlayPauseButton)">SetFocus(14)</onload>
    <onload condition="Player.PauseEnabled + [Skin.HasSetting(HidePlayPauseButton) + !Skin.HasSetting(HideStopButton)]">SetFocus(15)</onload>
    <onload condition="Player.PauseEnabled + [Skin.HasSetting(HidePlayPauseButton) + Skin.HasSetting(HideStopButton)]">SetFocus(18)</onload>
    <onunload>ClearProperty(OSDInfo,Home)</onunload>
    <onunload>CancelAlarm(osd_timeout,true)</onunload>
    <controls>

        <control type="button" id="99220">
            <include>Defs_Hidden_Button</include>
            <onfocus>SetFocus(15)</onfocus>
            <onfocus condition="Window.IsVisible(videoosd)">Action(Close)</onfocus>
        </control>

        <control type="button">
            <description>background close area</description>
            <left>0</left>
            <top>0</top>
            <width>100%</width>
            <bottom>200</bottom>
            <texturefocus />
            <texturenofocus />
            <onclick>Action(close)</onclick>
        </control>

        <control type="group">
            <visible>!Window.IsVisible(DialogPlayerProcessInfo.xml)</visible>
            <control type="group">
                <visible>!Window.IsVisible(DialogSlider.xml)</visible>
                <visible>!Window.IsVisible(VideoOSDBookmarks.xml)</visible>
                <animation effect="fade" start="100" end="0" time="200" condition="Control.HasFocus(9605)">Conditional</animation>
                    
                <control type="grouplist" id="9000">
                    <include condition="!VideoPlayer.Content(musicvideos) + !VideoPlayer.Content(LiveTV)">OSD_VideoPosition</include>
                    <include condition="VideoPlayer.Content(musicvideos) + !VideoPlayer.Content(LiveTV)">OSD_MusicPosition</include>
                    <include condition="VideoPlayer.Content(LiveTV)">OSD_LiveTVPosition</include>
                    <itemgap>32</itemgap>

                    <onup condition="!VideoPlayer.Content(LiveTV) + String.IsEmpty(Window(Home).Property(OSDInfo)) + !Skin.HasSetting(PlayerScrollSeekbar)">SetProperty(OSDInfo,1,Home)</onup>
                    <onup condition="!VideoPlayer.Content(LiveTV) + !String.IsEmpty(Window(Home).Property(OSDInfo)) + !Skin.HasSetting(PlayerScrollSeekbar)">ClearProperty(OSDInfo,Home)</onup>
                    <onup condition="!VideoPlayer.Content(LiveTV) + Skin.HasSetting(PlayerScrollSeekbar)">6501</onup>
                    <ondown condition="!VideoPlayer.Content(LiveTV) + String.IsEmpty(Window(Home).Property(OSDInfo))">Close</ondown>
                    <ondown condition="!VideoPlayer.Content(LiveTV) + !String.IsEmpty(Window(Home).Property(OSDInfo))">ClearProperty(OSDInfo,Home)</ondown>

                    <onup condition="VideoPlayer.Content(LiveTV)">Close</onup>
                    <onup condition="VideoPlayer.Content(LiveTV)">ActivateWindow(1139)</onup>
                    <ondown condition="VideoPlayer.Content(LiveTV)">Close</ondown>
                    <ondown condition="VideoPlayer.Content(LiveTV)">ActivateWindow(1139)</ondown>

                    <orientation>horizontal</orientation>
                    <usecontrolcoords>true</usecontrolcoords>
                    <include condition="!VideoPlayer.Content(LiveTV)">OSD_Controls</include>
                    <include condition="VideoPlayer.Content(LiveTV)">OSD_Controls_LiveTV</include>
                </control>
            </control>

            <include content="OSD_Menu_List">
                <param name="content" value="Items_OSD_Settings" />
                <param name="height" value="578" />
                <param name="id" value="3112" />
                <param name="label" value="$LOCALIZE[33063]" />
                <param name="position" value="330,116" />
            </include>

            <control type="group">
                <visible>Window.IsVisible(DialogVideoInfo.xml)</visible>
                <include>Global_Background</include>
                <include>Topbar</include>
            </control>

            <control type="progress">
                <centerleft>50%</centerleft>
                <width>1840</width>
                <height>112</height>
                <bottom>50</bottom>
                <info>Player.Progress</info>
                <texturebg colordiffuse="00ffffff">slider/slider_bg2.png</texturebg>
                <righttexture colordiffuse="panel_fg_100">slider/slider_nib2.png</righttexture>
                <lefttexture />
                <midtexture />
                <visible>!PVR.IsPlayingTV</visible>
                <visible>Control.HasFocus(6501) | Control.HasFocus(6502)</visible>
            </control>

            <control type="slider" id="6502">
                <width>1760</width>
                <height>32</height>
                <bottom>100</bottom>
                <left>view_pad</left>
                <info>Player.Progress</info>
                <action>seek</action>
                <texturesliderbar />
                <textureslidernib />
                <textureslidernibfocus />
            </control>

            <control type="group" id="6500">
                <visible>Player.SeekEnabled</visible>
                <control type="button" id="6501">
                    <include>Defs_Hidden_Button</include>
                    <onunfocus condition="Player.Forwarding | Player.Rewinding">PlayerControl(Play)</onunfocus>
                    <onup condition="!VideoPlayer.Content(LiveTV) + String.IsEmpty(Window(Home).Property(OSDInfo))">SetProperty(OSDInfo,1,Home)</onup>
                    <onup condition="!VideoPlayer.Content(LiveTV) + !String.IsEmpty(Window(Home).Property(OSDInfo))">ClearProperty(OSDInfo,Home)</onup>
                    <ondown condition="!VideoPlayer.Content(LiveTV) + String.IsEmpty(Window(Home).Property(OSDInfo))">14</ondown>
                    <ondown condition="!VideoPlayer.Content(LiveTV) + !String.IsEmpty(Window(Home).Property(OSDInfo))">ClearProperty(OSDInfo,Home)</ondown>
                    <onright>StepForward</onright>
                    <onleft>StepBack</onleft>
                    <onclick condition="Player.Forwarding | Player.Rewinding">PlayerControl(Play)</onclick>
                    <lefttexture />
                    <midtexture />
                </control>
                <control type="slider" id="6501">
                    <description>Seekbar</description>
                    <visible>Window.IsActive(videoosd)</visible>
                    <visible>!String.IsEmpty(Player.Duration)</visible>
                    <action>seek</action>
                    <texturesliderbar />
                    <textureslidernib />
                    <textureslidernibfocus />
                    <visible>Control.HasFocus(6501) + !VideoPlayer.Content(LiveTV)</visible>
                    <visible>![Window.IsVisible(OSDVideoSettings) | Window.IsVisible(OSDAudioSettings) | Window.IsVisible(OSDSubtitleSettings) | Window.IsVisible(subtitlesearch) | Window.IsVisible(selectdialog)]</visible>	
                </control>
            </control>
        </control>

    </controls>

</window>
